<?xml version="1.0" encoding="UTF-8" standalone="yes"?>
<ns2:ExportManifest xmlns:ns2="http://www.pentaho.com/schema/">
    <ExportManifestInformation exportDate="18-04-2016 12:56:16 MSK" exportBy="admin" rootFolder="/home/admin/" manifestVersion="2"/>
    <ExportManifestEntity path="SomeDashboardFile.xdash">
        <ExportManifestProperty>
            <EntityMetaData name="SomeDashboardFile.xdash" createdDate="2016-04-18T12:56:10.507+03:00" isFolder="false" path="SomeDashboardFile.xdash" isHidden="false" locale="en_US" description="SomeDashboardFile.xdash" title="SomeDashboardFile"/>
        </ExportManifestProperty>
        <ExportManifestProperty>
            <EntityAcl>
                <entriesInheriting>true</entriesInheriting>
                <owner>admin</owner>
                <ownerType>USER</ownerType>
            </EntityAcl>
        </ExportManifestProperty>
    </ExportManifestEntity>
</ns2:ExportManifest>
