<chartModel chartEngine="OpenFlashChart" style="border-top-width: 5; border-top-color: #987654; background-color: #ffffff;" theme="Theme5">
  <title location="TOP" style="font-family: verdana; color: #000000; font-size: 20px; font-weight: bold; text-align: center; font-style: oblique; background-color: #ffffff;"></title>
  <subtitle style="font-family: monospace; color: #00ff00; font-size: 12px; font-weight: bold; font-style: italic; background-color: #0000ff;">subtitle</subtitle>
  <legend style="font-family: verdana; font-size: 12px; font-weight: plain; border-top-width: 10; border-top-color: #ff0000; font-style: italic;"/>
  <barPlot orientation="VERTICAL" style="opacity: 0.75; background-color: #ffffff;" flavor="GLASS">
    <palette>
      <paint style="color: #880a0f;"/>
      <paint style="color: #b09a6b;"/>
      <paint style="color: #772200;"/>
      <paint style="color: #c52f0d;"/>
      <paint style="color: #123d82;"/>
      <paint style="color: #4a0866;"/>
      <paint style="color: #ffaa00;"/>
      <paint style="color: #1e8ad3;"/>
      <paint style="color: #aa6611;"/>
      <paint style="color: #772200;"/>
      <paint style="color: #8b2834;"/>
      <paint style="color: #333333;"/>
    </palette>
    <verticalAxis class="org.pentaho.chart.model.NumericAxis">
      <legend style="font-family: verdana; color: #000000; font-size: 12px; font-weight: bold; font-style: oblique; background-color: #ffffff;">(Total Sales - USD)</legend>
    </verticalAxis>
    <horizontalAxis labelOrientation="DIAGONAL">
      <legend>Country</legend>
    </horizontalAxis>
  </barPlot>
</chartModel>